{
  "timestamp": "2026-06-25T21:23:28.079Z",
  "total_medicoes": 2500,
  "rq1": {
    "rest": {
      "media_ms": 2.812693199999997,
      "mediana_ms": 2.1766,
      "desvio_ms": 1.8509406808241484,
      "p95_ms": 5.6921,
      "p99_ms": 9.8838
    },
    "graphql": {
      "media_ms": 3.317733679999997,
      "mediana_ms": 2.9004,
      "desvio_ms": 1.6570251696584635,
      "p95_ms": 6.1046,
      "p99_ms": 10.1719
    },
    "teste_t": {
      "t_statistic": -12.359462564762158,
      "p_value": 0.01,
      "significativo": true
    },
    "ganho_percentual": -17.95576140334113
  },
  "rq2": {
    "rest": {
      "media_bytes": 2711.6752,
      "mediana_bytes": 782,
      "max_bytes": 11717
    },
    "graphql": {
      "media_bytes": 1518.3992,
      "mediana_bytes": 824,
      "max_bytes": 7276
    },
    "teste_t": {
      "t_statistic": 37.5336871487806,
      "p_value": 0.01,
      "significativo": true
    },
    "reducao_percentual": 44.00512273741339
  }
}